{
    "loss": 4.477406024932861,
    "accuracy": 0.5882353186607361
}