{
    "loss": 4.387261867523193,
    "accuracy": 0.7254902124404907
}