{
    "loss": 4.373787879943848,
    "accuracy": 0.5686274766921997
}